Race,Candidate,Party,Votes,PercentageOfTotalVotes,JurisdictionName
Washington State Senate Joint Resolution No. 8201,Approved, ,63172,54.3738,State Executive
Washington State Senate Joint Resolution No. 8201,Rejected, ,53009,45.6262,State Executive
COUNTY COUNCIL DISTRICT 1 Council District 1,Nate Nehring,(Prefers Republican Party),17958,92.9551,County
COUNTY COUNCIL DISTRICT 1 Council District 1,WRITE-IN, ,1361,7.0449,County
COUNTY COUNCIL DISTRICT 4 Council District 4,Jared Mead,(Prefers Democratic Party),16551,95.4829,County
COUNTY COUNCIL DISTRICT 4 Council District 4,WRITE-IN, ,783,4.5171,County
COUNTY COUNCIL DISTRICT 5 Council District 5,Sam Low,(Prefers Republican Party),14222,53.9837,County
COUNTY COUNCIL DISTRICT 5 Council District 5,Kelli Johnson,(Prefers Democratic Party),12093,45.9024,County
COUNTY COUNCIL DISTRICT 5 Council District 5,WRITE-IN, ,30,0.1139,County
COUNTY COUNCIL DISTRICT 1 Charter Review Commissioner District 1,Annie Fitzgerald, ,6008,12.1671,County
COUNTY COUNCIL DISTRICT 1 Charter Review Commissioner District 1,Mark James, ,9605,19.4516,County
COUNTY COUNCIL DISTRICT 1 Charter Review Commissioner District 1,John W. Snow, ,6462,13.0865,County
COUNTY COUNCIL DISTRICT 1 Charter Review Commissioner District 1,Brenden Lawton, ,3263,6.6081,County
COUNTY COUNCIL DISTRICT 1 Charter Review Commissioner District 1,Kathryn Lewandowsky, ,5459,11.0553,County
COUNTY COUNCIL DISTRICT 1 Charter Review Commissioner District 1,Don Vanney, ,7241,14.6641,County
COUNTY COUNCIL DISTRICT 1 Charter Review Commissioner District 1,Chris Gardner, ,3098,6.2739,County
COUNTY COUNCIL DISTRICT 1 Charter Review Commissioner District 1,Rob Toyer, ,8112,16.428,County
COUNTY COUNCIL DISTRICT 1 Charter Review Commissioner District 1,WRITE-IN, ,131,0.2653,County
COUNTY COUNCIL DISTRICT 2 Charter Review Commissioner District 2,Grant Harrington, ,2674,5.3201,County
COUNTY COUNCIL DISTRICT 2 Charter Review Commissioner District 2,Kelly Fox, ,1437,2.859,County
COUNTY COUNCIL DISTRICT 2 Charter Review Commissioner District 2,Christopher Fergeson, ,686,1.3648,County
COUNTY COUNCIL DISTRICT 2 Charter Review Commissioner District 2,Shari Ireton, ,3578,7.1187,County
COUNTY COUNCIL DISTRICT 2 Charter Review Commissioner District 2,James Stegenga, ,429,0.8535,County
COUNTY COUNCIL DISTRICT 2 Charter Review Commissioner District 2,Michael (Mike) Dixon, ,4730,9.4107,County
COUNTY COUNCIL DISTRICT 2 Charter Review Commissioner District 2,Demi Chatters, ,5698,11.3366,County
COUNTY COUNCIL DISTRICT 2 Charter Review Commissioner District 2,Charles Adkins, ,3712,7.3853,County
COUNTY COUNCIL DISTRICT 2 Charter Review Commissioner District 2,Joe Marine, ,4780,9.5102,County
COUNTY COUNCIL DISTRICT 2 Charter Review Commissioner District 2,Jason Moon, ,3803,7.5664,County
COUNTY COUNCIL DISTRICT 2 Charter Review Commissioner District 2,Jeff Moore, ,3131,6.2294,County
COUNTY COUNCIL DISTRICT 2 Charter Review Commissioner District 2,Frederick P. Plappert, ,181,0.3601,County
COUNTY COUNCIL DISTRICT 2 Charter Review Commissioner District 2,Jennifer Gregerson, ,8232,16.3782,County
COUNTY COUNCIL DISTRICT 2 Charter Review Commissioner District 2,Jim Tinsley, ,1022,2.0333,County
COUNTY COUNCIL DISTRICT 2 Charter Review Commissioner District 2,Shawn O'Donnell, ,6046,12.029,County
COUNTY COUNCIL DISTRICT 2 Charter Review Commissioner District 2,WRITE-IN, ,123,0.2447,County
COUNTY COUNCIL DISTRICT 3 Charter Review Commissioner District 3,Patrick Decker, ,8612,14.4305,County
COUNTY COUNCIL DISTRICT 3 Charter Review Commissioner District 3,Janelle Cass, ,10667,17.874,County
COUNTY COUNCIL DISTRICT 3 Charter Review Commissioner District 3,Alicia Crank, ,5167,8.658,County
COUNTY COUNCIL DISTRICT 3 Charter Review Commissioner District 3,Aurora Lehr, ,6664,11.1664,County
COUNTY COUNCIL DISTRICT 3 Charter Review Commissioner District 3,Carol McMahon, ,5987,10.032,County
COUNTY COUNCIL DISTRICT 3 Charter Review Commissioner District 3,Colin McMahon, ,2980,4.9934,County
COUNTY COUNCIL DISTRICT 3 Charter Review Commissioner District 3,Mpiima Mugambe, ,2770,4.6415,County
COUNTY COUNCIL DISTRICT 3 Charter Review Commissioner District 3,David Preston, ,7226,12.1081,County
COUNTY COUNCIL DISTRICT 3 Charter Review Commissioner District 3,Kathy Gill, ,4004,6.7092,County
COUNTY COUNCIL DISTRICT 3 Charter Review Commissioner District 3,Selena Killin, ,5522,9.2528,County
COUNTY COUNCIL DISTRICT 3 Charter Review Commissioner District 3,WRITE-IN, ,80,0.1341,County
COUNTY COUNCIL DISTRICT 4 Charter Review Commissioner District 4,Vonita Hallock Francisco, ,6826,14.7131,County
COUNTY COUNCIL DISTRICT 4 Charter Review Commissioner District 4,Amanda W. Dodd, ,9313,20.0737,County
COUNTY COUNCIL DISTRICT 4 Charter Review Commissioner District 4,Ben Mahnkey, ,8757,18.8753,County
COUNTY COUNCIL DISTRICT 4 Charter Review Commissioner District 4,Michael Gallagher, ,5559,11.9822,County
COUNTY COUNCIL DISTRICT 4 Charter Review Commissioner District 4,Jeremy Grisham, ,934,2.0132,County
COUNTY COUNCIL DISTRICT 4 Charter Review Commissioner District 4,Brian Magarity Travis, ,1770,3.8151,County
COUNTY COUNCIL DISTRICT 4 Charter Review Commissioner District 4,Bob Terwilliger, ,5813,12.5296,County
COUNTY COUNCIL DISTRICT 4 Charter Review Commissioner District 4,Dale Kaemingk, ,7331,15.8016,County
COUNTY COUNCIL DISTRICT 4 Charter Review Commissioner District 4,WRITE-IN, ,91,0.1961,County
COUNTY COUNCIL DISTRICT 5 Charter Review Commissioner District 5,David Hotz, ,1458,2.4836,County
COUNTY COUNCIL DISTRICT 5 Charter Review Commissioner District 5,Kristin Fetters-Walp, ,6970,11.8729,County
COUNTY COUNCIL DISTRICT 5 Charter Review Commissioner District 5,Kathleen Strong, ,1435,2.4444,County
COUNTY COUNCIL DISTRICT 5 Charter Review Commissioner District 5,Robin McGee, ,9753,16.6136,County
COUNTY COUNCIL DISTRICT 5 Charter Review Commissioner District 5,Ethan Martez, ,6550,11.1575,County
COUNTY COUNCIL DISTRICT 5 Charter Review Commissioner District 5,Sandy Mesenbrink, ,3217,5.4799,County
COUNTY COUNCIL DISTRICT 5 Charter Review Commissioner District 5,Tyler Myles Vega, ,556,0.9471,County
COUNTY COUNCIL DISTRICT 5 Charter Review Commissioner District 5,Brett Gailey, ,9927,16.91,County
COUNTY COUNCIL DISTRICT 5 Charter Review Commissioner District 5,Carolyn Eslick, ,9799,16.6919,County
COUNTY COUNCIL DISTRICT 5 Charter Review Commissioner District 5,Steve Ewing, ,8914,15.1844,County
COUNTY COUNCIL DISTRICT 5 Charter Review Commissioner District 5,WRITE-IN, ,126,0.2146,County
"COURT OF APPEALS, DIVISION 1, DISTRICT 2 Judge Position 1",Karen D. Moore, ,52632,49.0517,Judicial
"COURT OF APPEALS, DIVISION 1, DISTRICT 2 Judge Position 1",Tam T. Bui, ,54270,50.5783,Judicial
"COURT OF APPEALS, DIVISION 1, DISTRICT 2 Judge Position 1",WRITE-IN, ,397,0.37,Judicial
CITY OF ARLINGTON Council Position 1,Nathan Senff, ,1373,51.2696,City/Town
CITY OF ARLINGTON Council Position 1,Heather Logan, ,1302,48.6184,City/Town
CITY OF ARLINGTON Council Position 1,WRITE-IN, ,3,0.112,City/Town
CITY OF ARLINGTON Council Position 2,Leisha Nobach, ,2150,96.8905,City/Town
CITY OF ARLINGTON Council Position 2,WRITE-IN, ,69,3.1095,City/Town
CITY OF ARLINGTON Council Position 3,Drew Bono, ,1291,48.6436,City/Town
CITY OF ARLINGTON Council Position 3,Heather Watland, ,1358,51.168,City/Town
CITY OF ARLINGTON Council Position 3,WRITE-IN, ,5,0.1884,City/Town
CITY OF ARLINGTON Council Position 7,Tim Abrahamson, ,2148,98.2167,City/Town
CITY OF ARLINGTON Council Position 7,WRITE-IN, ,39,1.7833,City/Town
CITY OF BOTHELL Council Position No. 1,Prasad Anguluri, ,2126,96.1556,City/Town
CITY OF BOTHELL Council Position No. 1,WRITE-IN, ,85,3.8444,City/Town
CITY OF BOTHELL Council Position No. 3,Shirly Mittelman, ,915,33.1762,City/Town
CITY OF BOTHELL Council Position No. 3,Jenne Alderks, ,1831,66.3887,City/Town
CITY OF BOTHELL Council Position No. 3,WRITE-IN, ,12,0.4351,City/Town
CITY OF BOTHELL Council Position No. 5,Brittany Miles, ,2110,95.8655,City/Town
CITY OF BOTHELL Council Position No. 5,WRITE-IN, ,91,4.1345,City/Town
CITY OF BOTHELL Council Position No. 7,Mark Swanson, ,1118,40.158,City/Town
CITY OF BOTHELL Council Position No. 7,Rami Al-Kabra, ,1649,59.2313,City/Town
CITY OF BOTHELL Council Position No. 7,WRITE-IN, ,17,0.6106,City/Town
CITY OF BRIER Mayor,Dale Kaemingk, ,1047,95.967,City/Town
CITY OF BRIER Mayor,WRITE-IN, ,44,4.033,City/Town
CITY OF BRIER Council Position 1,John Lockhart, ,911,95.7939,City/Town
CITY OF BRIER Council Position 1,WRITE-IN, ,40,4.2061,City/Town
CITY OF BRIER Council Position 2,Martin Krienke, ,1004,97.6654,City/Town
CITY OF BRIER Council Position 2,WRITE-IN, ,24,2.3346,City/Town
CITY OF BRIER Council Position 3,Mike Gallagher, ,999,97.3684,City/Town
CITY OF BRIER Council Position 3,WRITE-IN, ,27,2.6316,City/Town
CITY OF BRIER Council-at-Large,Daniel Allen, ,659,54.7797,City/Town
CITY OF BRIER Council-at-Large,Shawn Parsons, ,531,44.1397,City/Town
CITY OF BRIER Council-at-Large,WRITE-IN, ,13,1.0806,City/Town
CITY OF EDMONDS Council Position 1,Chris Eck, ,7303,62.0529,City/Town
CITY OF EDMONDS Council Position 1,Glenda Krull, ,4444,37.7602,City/Town
CITY OF EDMONDS Council Position 1,WRITE-IN, ,22,0.1869,City/Town
CITY OF EDMONDS Council Position 2,Will Chen, ,9904,88.0121,City/Town
CITY OF EDMONDS Council Position 2,Jessica Bachman, ,1255,11.1526,City/Town
CITY OF EDMONDS Council Position 2,WRITE-IN, ,94,0.8353,City/Town
CITY OF EDMONDS Council Position 3,Erika Barnett, ,6340,53.7152,City/Town
CITY OF EDMONDS Council Position 3,Alex Newman, ,5452,46.1916,City/Town
CITY OF EDMONDS Council Position 3,WRITE-IN, ,11,0.0932,City/Town
CITY OF EDMONDS Edmonds Municipal Court Judge 1,Neil Weiss, ,9023,98.6983,City/Town
CITY OF EDMONDS Edmonds Municipal Court Judge 1,WRITE-IN, ,119,1.3017,City/Town
CITY OF EDMONDS Proposition No. 1,Yes, ,4911,39.5793,City/Town
CITY OF EDMONDS Proposition No. 1,No, ,7497,60.4207,City/Town
CITY OF EVERETT Mayor,Scott Murphy, ,6259,47.0956,City/Town
CITY OF EVERETT Mayor,Cassie Franklin, ,6970,52.4454,City/Town
CITY OF EVERETT Mayor,WRITE-IN, ,61,0.459,City/Town
CITY OF EVERETT COUNCIL DISTRICT 1 Council District 1,Sam Hem, ,1589,47.9192,City/Town
CITY OF EVERETT COUNCIL DISTRICT 1 Council District 1,Erica Weir, ,1701,51.2967,City/Town
CITY OF EVERETT COUNCIL DISTRICT 1 Council District 1,WRITE-IN, ,26,0.7841,City/Town
CITY OF EVERETT COUNCIL DISTRICT 2 Council District 2,Paula Rhyne, ,1674,59.573,City/Town
CITY OF EVERETT COUNCIL DISTRICT 2 Council District 2,Ryan Crowther, ,1128,40.1423,City/Town
CITY OF EVERETT COUNCIL DISTRICT 2 Council District 2,WRITE-IN, ,8,0.2847,City/Town
CITY OF EVERETT COUNCIL DISTRICT 3 Council District 3,Don Schwab, ,2600,80.4455,City/Town
CITY OF EVERETT COUNCIL DISTRICT 3 Council District 3,Marcus Nunez, ,625,19.3379,City/Town
CITY OF EVERETT COUNCIL DISTRICT 3 Council District 3,WRITE-IN, ,7,0.2166,City/Town
CITY OF EVERETT COUNCIL DISTRICT 4 Council District 4,Alan Rubio, ,665,48.8253,City/Town
CITY OF EVERETT COUNCIL DISTRICT 4 Council District 4,Luis M. Burbano, ,694,50.9545,City/Town
CITY OF EVERETT COUNCIL DISTRICT 4 Council District 4,WRITE-IN, ,3,0.2203,City/Town
CITY OF EVERETT COUNCIL DISTRICT 5 Council District 5,Ben Zarlingo, ,1657,96.9573,City/Town
CITY OF EVERETT COUNCIL DISTRICT 5 Council District 5,WRITE-IN, ,52,3.0427,City/Town
CITY OF EVERETT Municipal Court Judge Position 1,Amy C. Kaestner, ,10174,98.2615,City/Town
CITY OF EVERETT Municipal Court Judge Position 1,WRITE-IN, ,180,1.7385,City/Town
CITY OF EVERETT Municipal Court Judge Position 2,Remy Leonard, ,10157,98.1068,City/Town
CITY OF EVERETT Municipal Court Judge Position 2,WRITE-IN, ,196,1.8932,City/Town
CITY OF GOLD BAR Mayor,Steven Yarbrough, ,180,97.8261,City/Town
CITY OF GOLD BAR Mayor,WRITE-IN, ,4,2.1739,City/Town
CITY OF GOLD BAR Council Position 1,Krystal D. Craig, ,180,98.3607,City/Town
CITY OF GOLD BAR Council Position 1,WRITE-IN, ,3,1.6393,City/Town
CITY OF GOLD BAR Council Position 2,Lee Russell, ,173,97.191,City/Town
CITY OF GOLD BAR Council Position 2,WRITE-IN, ,5,2.809,City/Town
CITY OF GOLD BAR Council Position 3,Davi Martin, ,173,98.2955,City/Town
CITY OF GOLD BAR Council Position 3,WRITE-IN, ,3,1.7045,City/Town
CITY OF GRANITE FALLS Council Position 1,Steven A. Glenn, ,345,69.9797,City/Town
CITY OF GRANITE FALLS Council Position 1,Justin Thoreson, ,146,29.6146,City/Town
CITY OF GRANITE FALLS Council Position 1,WRITE-IN, ,2,0.4057,City/Town
CITY OF GRANITE FALLS Council Position 2,David Griggs, ,377,92.629,City/Town
CITY OF GRANITE FALLS Council Position 2,WRITE-IN, ,30,7.371,City/Town
CITY OF GRANITE FALLS Council Position 3,Tom FitzGerald, ,293,59.432,City/Town
CITY OF GRANITE FALLS Council Position 3,Scott Bower, ,200,40.568,City/Town
CITY OF GRANITE FALLS Council Position 3,WRITE-IN, ,0,0,City/Town
CITY OF LAKE STEVENS Council Position 1,Kim Daughtry, ,2376,47.6152,City/Town
CITY OF LAKE STEVENS Council Position 1,Sabina Araya, ,2588,51.8637,City/Town
CITY OF LAKE STEVENS Council Position 1,WRITE-IN, ,26,0.521,City/Town
CITY OF LAKE STEVENS Council Position 2,Brian McManus, ,3250,65.4582,City/Town
CITY OF LAKE STEVENS Council Position 2,Gary Petershagen, ,1694,34.1188,City/Town
CITY OF LAKE STEVENS Council Position 2,WRITE-IN, ,21,0.423,City/Town
CITY OF LAKE STEVENS Council Position 6,Tosha Edwards, ,2504,50.03,City/Town
CITY OF LAKE STEVENS Council Position 6,Steve Ewing, ,2487,49.6903,City/Town
CITY OF LAKE STEVENS Council Position 6,WRITE-IN, ,14,0.2797,City/Town
CITY OF LAKE STEVENS Council Position 7,Katherine McAllister, ,2046,41.3,City/Town
CITY OF LAKE STEVENS Council Position 7,Nathan Packard, ,2890,58.3367,City/Town
CITY OF LAKE STEVENS Council Position 7,WRITE-IN, ,18,0.3633,City/Town
CITY OF LYNNWOOD Mayor,George Hurst, ,2766,51.4796,City/Town
CITY OF LYNNWOOD Mayor,Christine Frizzell, ,2582,48.0551,City/Town
CITY OF LYNNWOOD Mayor,WRITE-IN, ,25,0.4653,City/Town
CITY OF LYNNWOOD Council Position 1,Derica Escamilla, ,3067,58.3635,City/Town
CITY OF LYNNWOOD Council Position 1,Dio Boucsieguez, ,2167,41.2369,City/Town
CITY OF LYNNWOOD Council Position 1,WRITE-IN, ,21,0.3996,City/Town
CITY OF LYNNWOOD Council Position 2,Ki Seung Cho, ,2631,49.6696,City/Town
CITY OF LYNNWOOD Council Position 2,Isabel Mata, ,2653,50.085,City/Town
CITY OF LYNNWOOD Council Position 2,WRITE-IN, ,13,0.2454,City/Town
CITY OF LYNNWOOD Council Position 3,Bryce Owings, ,2953,56.13,City/Town
CITY OF LYNNWOOD Council Position 3,Josh Binda, ,2248,42.7295,City/Town
CITY OF LYNNWOOD Council Position 3,WRITE-IN, ,60,1.1405,City/Town
CITY OF LYNNWOOD Council Position 5,Robert Leutwyler, ,3288,62.6286,City/Town
CITY OF LYNNWOOD Council Position 5,Mpiima M. Mugambe, ,1942,36.9905,City/Town
CITY OF LYNNWOOD Council Position 5,WRITE-IN, ,20,0.381,City/Town
CITY OF LYNNWOOD Lynnwood Municipal Court Judge,Valerie Semmes Bouffiou, ,4333,98.5445,City/Town
CITY OF LYNNWOOD Lynnwood Municipal Court Judge,WRITE-IN, ,64,1.4555,City/Town
CITY OF MARYSVILLE Council Position 1,John W. Snow, ,3425,41.6211,City/Town
CITY OF MARYSVILLE Council Position 1,Peter Condyles, ,4781,58.0994,City/Town
CITY OF MARYSVILLE Council Position 1,WRITE-IN, ,23,0.2795,City/Town
CITY OF MARYSVILLE Council Position 2,Mark James, ,4995,60.796,City/Town
CITY OF MARYSVILLE Council Position 2,Chris Davis, ,3195,38.8875,City/Town
CITY OF MARYSVILLE Council Position 2,WRITE-IN, ,26,0.3165,City/Town
CITY OF MARYSVILLE Council Position 3,Dan Perkins, ,4934,60.0316,City/Town
CITY OF MARYSVILLE Council Position 3,Amber Cantu, ,3221,39.1897,City/Town
CITY OF MARYSVILLE Council Position 3,WRITE-IN, ,64,0.7787,City/Town
CITY OF MARYSVILLE Council Position 4,Michael A. Stevens, ,5232,63.9843,City/Town
CITY OF MARYSVILLE Council Position 4,Lauran Tapp, ,2916,35.661,City/Town
CITY OF MARYSVILLE Council Position 4,WRITE-IN, ,29,0.3547,City/Town
CITY OF MARYSVILLE Marysville Municipal Court Judge 1,Fred L. Gillings, ,6797,98.2225,City/Town
CITY OF MARYSVILLE Marysville Municipal Court Judge 1,WRITE-IN, ,123,1.7775,City/Town
CITY OF MARYSVILLE Marysville Municipal Court Judge 2,Lorrie Towers, ,5968,95.6257,City/Town
CITY OF MARYSVILLE Marysville Municipal Court Judge 2,WRITE-IN, ,273,4.3743,City/Town
CITY OF MILL CREEK Council Position 1,John Steckler, ,2555,97.9302,City/Town
CITY OF MILL CREEK Council Position 1,WRITE-IN, ,54,2.0698,City/Town
CITY OF MILL CREEK Council Position 2,Stephanie Vignal, ,2562,96.8254,City/Town
CITY OF MILL CREEK Council Position 2,WRITE-IN, ,84,3.1746,City/Town
CITY OF MILL CREEK Council Position 3,Scott Harder, ,1436,45.4862,City/Town
CITY OF MILL CREEK Council Position 3,Connie Allison, ,1716,54.3554,City/Town
CITY OF MILL CREEK Council Position 3,WRITE-IN, ,5,0.1584,City/Town
CITY OF MILL CREEK Council Position 4,Tannis Golebiewski, ,2156,68.6843,City/Town
CITY OF MILL CREEK Council Position 4,Gaurav Kumar, ,970,30.9016,City/Town
CITY OF MILL CREEK Council Position 4,WRITE-IN, ,13,0.4141,City/Town
CITY OF MONROE Mayor,Heather K. Fulcher, ,967,41.079,City/Town
CITY OF MONROE Mayor,Patsy Cudaback, ,1380,58.6236,City/Town
CITY OF MONROE Mayor,WRITE-IN, ,7,0.2974,City/Town
CITY OF MONROE Council Position 1,Kevin Hanford, ,1378,61.5728,City/Town
CITY OF MONROE Council Position 1,Joscelyn Jones, ,855,38.2038,City/Town
CITY OF MONROE Council Position 1,WRITE-IN, ,5,0.2234,City/Town
CITY OF MONROE Council Position 2,Tami Beaumont, ,1853,98.8267,City/Town
CITY OF MONROE Council Position 2,WRITE-IN, ,22,1.1733,City/Town
CITY OF MONROE Council Position 3,Kyle Fisher, ,1819,98.6978,City/Town
CITY OF MONROE Council Position 3,WRITE-IN, ,24,1.3022,City/Town
CITY OF MONROE Council Position 7,Brandi Blair, ,1779,98.0165,City/Town
CITY OF MONROE Council Position 7,WRITE-IN, ,36,1.9835,City/Town
CITY OF MOUNTLAKE TERRACE Council Position 1,Sam Doyle, ,1565,46.453,City/Town
CITY OF MOUNTLAKE TERRACE Council Position 1,Rick Ryan, ,1795,53.2799,City/Town
CITY OF MOUNTLAKE TERRACE Council Position 1,WRITE-IN, ,9,0.2671,City/Town
CITY OF MOUNTLAKE TERRACE Council Position 2,Steven P. Woodard, ,2810,97.8072,City/Town
CITY OF MOUNTLAKE TERRACE Council Position 2,WRITE-IN, ,63,2.1928,City/Town
CITY OF MOUNTLAKE TERRACE Council Position 3,"William L. Paige, Jr.", ,2210,65.7934,City/Town
CITY OF MOUNTLAKE TERRACE Council Position 3,Danny Luoma, ,1139,33.9089,City/Town
CITY OF MOUNTLAKE TERRACE Council Position 3,WRITE-IN, ,10,0.2977,City/Town
CITY OF MOUNTLAKE TERRACE Council Position 4,Steven Mosman, ,847,25.0148,City/Town
CITY OF MOUNTLAKE TERRACE Council Position 4,Kyoko Matsumoto Wright, ,2523,74.5127,City/Town
CITY OF MOUNTLAKE TERRACE Council Position 4,WRITE-IN, ,16,0.4725,City/Town
CITY OF MUKILTEO Mayor,Steve Schmalz, ,2074,48.3788,City/Town
CITY OF MUKILTEO Mayor,Joe Marine, ,2194,51.178,City/Town
CITY OF MUKILTEO Mayor,WRITE-IN, ,19,0.4432,City/Town
CITY OF MUKILTEO Council Position 1,Bob Champion, ,2512,60.9265,City/Town
CITY OF MUKILTEO Council Position 1,Ilona Van Duser, ,1593,38.6369,City/Town
CITY OF MUKILTEO Council Position 1,WRITE-IN, ,18,0.4366,City/Town
CITY OF MUKILTEO Council Position 2,James Sterba, ,2310,55.3426,City/Town
CITY OF MUKILTEO Council Position 2,Carolyn (Dode) Carlson, ,1850,44.322,City/Town
CITY OF MUKILTEO Council Position 2,WRITE-IN, ,14,0.3354,City/Town
CITY OF MUKILTEO Council Position 3,Don Doran, ,3386,97.6637,City/Town
CITY OF MUKILTEO Council Position 3,WRITE-IN, ,81,2.3363,City/Town
CITY OF MUKILTEO Proposition No. 1,Yes, ,2398,56.3043,City/Town
CITY OF MUKILTEO Proposition No. 1,No, ,1861,43.6957,City/Town
CITY OF SNOHOMISH Mayor,Aaron Hoffman, ,1272,51.8972,City/Town
CITY OF SNOHOMISH Mayor,Linda Redmon, ,1177,48.0212,City/Town
CITY OF SNOHOMISH Mayor,WRITE-IN, ,2,0.0816,City/Town
CITY OF SNOHOMISH Council-at-Large Position 4,Randall Marrs, ,1120,47.3373,City/Town
CITY OF SNOHOMISH Council-at-Large Position 4,Tom Merrill, ,1245,52.6205,City/Town
CITY OF SNOHOMISH Council-at-Large Position 4,WRITE-IN, ,1,0.0423,City/Town
CITY OF SNOHOMISH Council-at-Large Position 5,David Flynn, ,1244,52.5782,City/Town
CITY OF SNOHOMISH Council-at-Large Position 5,Fred Gaitan, ,1119,47.295,City/Town
CITY OF SNOHOMISH Council-at-Large Position 5,WRITE-IN, ,3,0.1268,City/Town
CITY OF SNOHOMISH Council-at-Large Position 6,Gabe Jacobs, ,1309,55,City/Town
CITY OF SNOHOMISH Council-at-Large Position 6,Bill Webster, ,1071,45,City/Town
CITY OF SNOHOMISH Council-at-Large Position 6,WRITE-IN, ,0,0,City/Town
CITY OF SNOHOMISH Council-at-Large Position 7,Anup Deol, ,1246,51.9383,City/Town
CITY OF SNOHOMISH Council-at-Large Position 7,Karen W. Guzak, ,1147,47.8116,City/Town
CITY OF SNOHOMISH Council-at-Large Position 7,WRITE-IN, ,6,0.2501,City/Town
CITY OF STANWOOD Mayor,Ryan Campbell, ,281,21.434,City/Town
CITY OF STANWOOD Mayor,Sid Roberts, ,1026,78.2609,City/Town
CITY OF STANWOOD Mayor,WRITE-IN, ,4,0.3051,City/Town
CITY OF STANWOOD Council Position 1,Dani Gaumond, ,1016,97.7863,City/Town
CITY OF STANWOOD Council Position 1,WRITE-IN, ,23,2.2137,City/Town
CITY OF STANWOOD Council Position 2,Earl Cowan, ,964,97.6697,City/Town
CITY OF STANWOOD Council Position 2,WRITE-IN, ,23,2.3303,City/Town
CITY OF STANWOOD Council Position 7,Greg Martin, ,374,30.5306,City/Town
CITY OF STANWOOD Council Position 7,Jeff Wheatley, ,847,69.1429,City/Town
CITY OF STANWOOD Council Position 7,WRITE-IN, ,4,0.3265,City/Town
CITY OF SULTAN Council Position 1,Jon Guncay, ,603,95.4114,City/Town
CITY OF SULTAN Council Position 1,WRITE-IN, ,29,4.5886,City/Town
CITY OF SULTAN Council Position 2,Stephanie Aldrich, ,618,97.9398,City/Town
CITY OF SULTAN Council Position 2,WRITE-IN, ,13,2.0602,City/Town
CITY OF SULTAN Council Position 3,Cory Dearborn, ,609,97.91,City/Town
CITY OF SULTAN Council Position 3,WRITE-IN, ,13,2.09,City/Town
CITY OF SULTAN Council Position 6,Christina Sivewright, ,563,93.99,City/Town
CITY OF SULTAN Council Position 6,WRITE-IN, ,36,6.01,City/Town
TOWN OF DARRINGTON Council Position 1,Evan Craig, ,152,91.5663,City/Town
TOWN OF DARRINGTON Council Position 1,WRITE-IN, ,14,8.4337,City/Town
TOWN OF DARRINGTON Council Position 2,Larry J. Coleman, ,76,38.191,City/Town
TOWN OF DARRINGTON Council Position 2,Robert Requa, ,117,58.794,City/Town
TOWN OF DARRINGTON Council Position 2,WRITE-IN, ,6,3.0151,City/Town
TOWN OF INDEX Mayor,Norm Johnson, ,54,91.5254,City/Town
TOWN OF INDEX Mayor,Blair Corson, ,4,6.7797,City/Town
TOWN OF INDEX Mayor,WRITE-IN, ,1,1.6949,City/Town
TOWN OF INDEX Council Position 1,Bert Shepardson, ,52,96.2963,City/Town
TOWN OF INDEX Council Position 1,WRITE-IN, ,2,3.7037,City/Town
TOWN OF INDEX Council Position 3,Chelan Soper, ,51,96.2264,City/Town
TOWN OF INDEX Council Position 3,WRITE-IN, ,2,3.7736,City/Town
TOWN OF WOODWAY Mayor,Mike Quinn, ,293,98.3221,City/Town
TOWN OF WOODWAY Mayor,WRITE-IN, ,5,1.6779,City/Town
TOWN OF WOODWAY Council Position 1,Rajeev Thakur, ,277,98.9286,City/Town
TOWN OF WOODWAY Council Position 1,WRITE-IN, ,3,1.0714,City/Town
TOWN OF WOODWAY Council Position 3,Steve Gunn, ,273,98.913,City/Town
TOWN OF WOODWAY Council Position 3,WRITE-IN, ,3,1.087,City/Town
TOWN OF WOODWAY Council Position 4,Laura M. Murphy, ,274,98.917,City/Town
TOWN OF WOODWAY Council Position 4,WRITE-IN, ,3,1.083,City/Town
CITY OF BOTHELL Proposition No. 1,Approved, ,1972,68.9993,City/Town
CITY OF BOTHELL Proposition No. 1,Rejected, ,886,31.0007,City/Town
ARLINGTON SCHOOL DISTRICT NO. 16 Director District 3,Nicole Watts, ,3810,97.1691,School
ARLINGTON SCHOOL DISTRICT NO. 16 Director District 3,WRITE-IN, ,111,2.8309,School
ARLINGTON SCHOOL DISTRICT NO. 16 Director District 5,Erica Knapp, ,3871,97.4817,School
ARLINGTON SCHOOL DISTRICT NO. 16 Director District 5,WRITE-IN, ,100,2.5183,School
DARRINGTON SCHOOL DISTRICT NO. 330 Director-at-Large Position 4,Randy J. Hayden, ,357,90.8397,School
DARRINGTON SCHOOL DISTRICT NO. 330 Director-at-Large Position 4,WRITE-IN, ,36,9.1603,School
DARRINGTON SCHOOL DISTRICT NO. 330 Director-at-Large Position 5,Janet Loyd, ,267,55.8577,School
DARRINGTON SCHOOL DISTRICT NO. 330 Director-at-Large Position 5,Tarya Palmer, ,205,42.887,School
DARRINGTON SCHOOL DISTRICT NO. 330 Director-at-Large Position 5,WRITE-IN, ,6,1.2552,School
EDMONDS SCHOOL DISTRICT NO. 15 Director District 2,Keith Smith, ,22300,97.4565,School
EDMONDS SCHOOL DISTRICT NO. 15 Director District 2,WRITE-IN, ,582,2.5435,School
EDMONDS SCHOOL DISTRICT NO. 15 Director District 4,Jason Moore, ,8408,30.3823,School
EDMONDS SCHOOL DISTRICT NO. 15 Director District 4,Thomas Garrard, ,19184,69.3214,School
EDMONDS SCHOOL DISTRICT NO. 15 Director District 4,WRITE-IN, ,82,0.2963,School
EVERETT SCHOOL DISTRICT NO. 2 Director-at-Large Position 1,Shaina Langley, ,9062,49.4813,School
EVERETT SCHOOL DISTRICT NO. 2 Director-at-Large Position 1,Roman Rewolinski, ,9154,49.9836,School
EVERETT SCHOOL DISTRICT NO. 2 Director-at-Large Position 1,WRITE-IN, ,98,0.5351,School
EVERETT SCHOOL DISTRICT NO. 2 Director-at-Large Position 2,Jennifer (Jen) Hirman, ,15078,84.7126,School
EVERETT SCHOOL DISTRICT NO. 2 Director-at-Large Position 2,Janelle Burke, ,2617,14.7031,School
EVERETT SCHOOL DISTRICT NO. 2 Director-at-Large Position 2,WRITE-IN, ,104,0.5843,School
EVERETT SCHOOL DISTRICT NO. 2 Director-at-Large Position 3,Anna Marie Jackson Laurence, ,12823,69.7092,School
EVERETT SCHOOL DISTRICT NO. 2 Director-at-Large Position 3,Tom Clarke, ,5502,29.9103,School
EVERETT SCHOOL DISTRICT NO. 2 Director-at-Large Position 3,WRITE-IN, ,70,0.3805,School
GRANITE FALLS SCHOOL DISTRICT NO. 332 Director District 1,Deborah Fanton, ,784,38.8311,School
GRANITE FALLS SCHOOL DISTRICT NO. 332 Director District 1,Peter C. LeDoux, ,1220,60.426,School
GRANITE FALLS SCHOOL DISTRICT NO. 332 Director District 1,WRITE-IN, ,15,0.7429,School
GRANITE FALLS SCHOOL DISTRICT NO. 332 Director District 3,Carol Lynn Panagos, ,1655,97.1814,School
GRANITE FALLS SCHOOL DISTRICT NO. 332 Director District 3,WRITE-IN, ,48,2.8186,School
GRANITE FALLS SCHOOL DISTRICT NO. 332 Director District 4,Tina Veatch, ,1094,53.7328,School
GRANITE FALLS SCHOOL DISTRICT NO. 332 Director District 4,LaShae Lee, ,923,45.334,School
GRANITE FALLS SCHOOL DISTRICT NO. 332 Director District 4,WRITE-IN, ,19,0.9332,School
GRANITE FALLS SCHOOL DISTRICT NO. 332 Director District 5,Greg Farley, ,1646,96.2573,School
GRANITE FALLS SCHOOL DISTRICT NO. 332 Director District 5,WRITE-IN, ,64,3.7427,School
INDEX SCHOOL DISTRICT NO. 63 Director-at-Large Position 1,Caleb Carrington, ,101,98.0583,School
INDEX SCHOOL DISTRICT NO. 63 Director-at-Large Position 1,WRITE-IN, ,2,1.9417,School
INDEX SCHOOL DISTRICT NO. 63 Director-at-Large Position 2,Makena Soper, ,102,97.1429,School
INDEX SCHOOL DISTRICT NO. 63 Director-at-Large Position 2,WRITE-IN, ,3,2.8571,School
INDEX SCHOOL DISTRICT NO. 63 Director-at-Large Position 5,Brooke Fox, ,88,77.193,School
INDEX SCHOOL DISTRICT NO. 63 Director-at-Large Position 5,Kathy Corson, ,26,22.807,School
INDEX SCHOOL DISTRICT NO. 63 Director-at-Large Position 5,WRITE-IN, ,0,0,School
LAKE STEVENS SCHOOL DISTRICT NO. 4 Director District 4,Lauren Cahill, ,2935,45.1747,School
LAKE STEVENS SCHOOL DISTRICT NO. 4 Director District 4,Brian Kesler, ,3538,54.4559,School
LAKE STEVENS SCHOOL DISTRICT NO. 4 Director District 4,WRITE-IN, ,24,0.3694,School
LAKE STEVENS SCHOOL DISTRICT NO. 4 Director District 5,Ryan Dickson, ,5192,97.9068,School
LAKE STEVENS SCHOOL DISTRICT NO. 4 Director District 5,WRITE-IN, ,111,2.0932,School
LAKEWOOD SCHOOL DISTRICT NO. 306 Director District 1,Steven Larson, ,1823,98.2749,School
LAKEWOOD SCHOOL DISTRICT NO. 306 Director District 1,WRITE-IN, ,32,1.7251,School
LAKEWOOD SCHOOL DISTRICT NO. 306 Director District 2,Kirti Sondhi, ,266,12.5709,School
LAKEWOOD SCHOOL DISTRICT NO. 306 Director District 2,Catherine (Sandy) Gotts, ,1836,86.7675,School
LAKEWOOD SCHOOL DISTRICT NO. 306 Director District 2,WRITE-IN, ,14,0.6616,School
LAKEWOOD SCHOOL DISTRICT NO. 306 Director District 3,Dana Krueger, ,1848,98.6652,School
LAKEWOOD SCHOOL DISTRICT NO. 306 Director District 3,WRITE-IN, ,25,1.3348,School
MARYSVILLE SCHOOL DISTRICT NO. 25 Director District 1,"Ray Sheldon, Jr.", ,3103,34.3632,School
MARYSVILLE SCHOOL DISTRICT NO. 25 Director District 1,Malory L. Simpson, ,5862,64.9169,School
MARYSVILLE SCHOOL DISTRICT NO. 25 Director District 1,WRITE-IN, ,65,0.7198,School
MARYSVILLE SCHOOL DISTRICT NO. 25 Director District 3,Barbara Alfond, ,3964,43.719,School
MARYSVILLE SCHOOL DISTRICT NO. 25 Director District 3,Mark Tomas, ,5054,55.7406,School
MARYSVILLE SCHOOL DISTRICT NO. 25 Director District 3,WRITE-IN, ,49,0.5404,School
MARYSVILLE SCHOOL DISTRICT NO. 25 Director District 4,Craig Hereth, ,5431,59.9448,School
MARYSVILLE SCHOOL DISTRICT NO. 25 Director District 4,Ricky McCaig, ,3587,39.5916,School
MARYSVILLE SCHOOL DISTRICT NO. 25 Director District 4,WRITE-IN, ,42,0.4636,School
MONROE SCHOOL DISTRICT NO. 103 Director District 3,Molly Barnes, ,3362,57.0411,School
MONROE SCHOOL DISTRICT NO. 103 Director District 3,Heather Young, ,2509,42.5687,School
MONROE SCHOOL DISTRICT NO. 103 Director District 3,WRITE-IN, ,23,0.3902,School
MONROE SCHOOL DISTRICT NO. 103 Director District 4,James Etzkorn, ,4419,98.7486,School
MONROE SCHOOL DISTRICT NO. 103 Director District 4,WRITE-IN, ,56,1.2514,School
MUKILTEO SCHOOL DISTRICT NO. 6 Director District 2,Karl Hausmann, ,9258,98.3847,School
MUKILTEO SCHOOL DISTRICT NO. 6 Director District 2,WRITE-IN, ,152,1.6153,School
MUKILTEO SCHOOL DISTRICT NO. 6 Director District 4,Charles Hauck, ,8295,96.0403,School
MUKILTEO SCHOOL DISTRICT NO. 6 Director District 4,WRITE-IN, ,342,3.9597,School
NORTHSHORE SCHOOL DISTRICT NO. 417 Director District No. 1,Carson Sanderson, ,4798,66.0973,School
NORTHSHORE SCHOOL DISTRICT NO. 417 Director District No. 1,Arun Sharma, ,2392,32.9522,School
NORTHSHORE SCHOOL DISTRICT NO. 417 Director District No. 1,WRITE-IN, ,69,0.9505,School
NORTHSHORE SCHOOL DISTRICT NO. 417 Director District No. 4,Sandy R Hayes, ,5152,69.2939,School
NORTHSHORE SCHOOL DISTRICT NO. 417 Director District No. 4,JoAnn Tolentino, ,2264,30.4506,School
NORTHSHORE SCHOOL DISTRICT NO. 417 Director District No. 4,WRITE-IN, ,19,0.2555,School
NORTHSHORE SCHOOL DISTRICT NO. 417 Director District No. 5,Kimberlee Kelly, ,5246,70.5962,School
NORTHSHORE SCHOOL DISTRICT NO. 417 Director District No. 5,Lynda Schram, ,2167,29.1616,School
NORTHSHORE SCHOOL DISTRICT NO. 417 Director District No. 5,WRITE-IN, ,18,0.2422,School
SNOHOMISH SCHOOL DISTRICT NO. 201 Director District 1,Shaunna Ballas, ,7477,97.3061,School
SNOHOMISH SCHOOL DISTRICT NO. 201 Director District 1,WRITE-IN, ,207,2.6939,School
SNOHOMISH SCHOOL DISTRICT NO. 201 Director District 3,Josh Seek, ,7355,97.5982,School
SNOHOMISH SCHOOL DISTRICT NO. 201 Director District 3,WRITE-IN, ,181,2.4018,School
SNOHOMISH SCHOOL DISTRICT NO. 201 Director District 5,Jay Hagen, ,4242,43.5345,School
SNOHOMISH SCHOOL DISTRICT NO. 201 Director District 5,Sarah Adams, ,5465,56.0858,School
SNOHOMISH SCHOOL DISTRICT NO. 201 Director District 5,WRITE-IN, ,37,0.3797,School
STANWOOD-CAMANO SCHOOL DISTRICT NO. 401 Director District 1,Hans Hendricksen, ,1277,36.7694,School
STANWOOD-CAMANO SCHOOL DISTRICT NO. 401 Director District 1,John W. Russell, ,2183,62.8563,School
STANWOOD-CAMANO SCHOOL DISTRICT NO. 401 Director District 1,WRITE-IN, ,13,0.3743,School
STANWOOD-CAMANO SCHOOL DISTRICT NO. 401 Director District 2,Charlotte Murry, ,2649,92.5577,School
STANWOOD-CAMANO SCHOOL DISTRICT NO. 401 Director District 2,WRITE-IN, ,213,7.4423,School
SULTAN SCHOOL DISTRICT NO. 311 Director District 1,Isaac Hudy, ,1545,97.231,School
SULTAN SCHOOL DISTRICT NO. 311 Director District 1,WRITE-IN, ,44,2.769,School
SULTAN SCHOOL DISTRICT NO. 311 Director District 2,Robert Amenn, ,653,33.7293,School
SULTAN SCHOOL DISTRICT NO. 311 Director District 2,Mike Varnell, ,1257,64.9277,School
SULTAN SCHOOL DISTRICT NO. 311 Director District 2,WRITE-IN, ,26,1.343,School
SULTAN SCHOOL DISTRICT NO. 311 Director District 3,Michael Butler, ,1404,95.4453,School
SULTAN SCHOOL DISTRICT NO. 311 Director District 3,WRITE-IN, ,67,4.5547,School
SULTAN SCHOOL DISTRICT NO. 311 Director District 5,Gigi Gouldner, ,1548,96.4486,School
SULTAN SCHOOL DISTRICT NO. 311 Director District 5,WRITE-IN, ,57,3.5514,School
FIRE DISTRICT 4 Commissioner Position 1,Richard Flath, ,2873,50.6166,Fire
FIRE DISTRICT 4 Commissioner Position 1,Evan Merritt, ,2795,49.2424,Fire
FIRE DISTRICT 4 Commissioner Position 1,WRITE-IN, ,8,0.1409,Fire
FIRE DISTRICT 5 Commissioner Position 1,Steve Fox, ,1111,97.5417,Fire
FIRE DISTRICT 5 Commissioner Position 1,WRITE-IN, ,28,2.4583,Fire
FIRE DISTRICT 10 Commissioner Position 1,Dennis Butterfield, ,1083,99.1758,Fire
FIRE DISTRICT 10 Commissioner Position 1,WRITE-IN, ,9,0.8242,Fire
FIRE DISTRICT 12 Commissioner Position 1,Rick Ross, ,1622,96.3183,Fire
FIRE DISTRICT 12 Commissioner Position 1,WRITE-IN, ,62,3.6817,Fire
FIRE DISTRICT 15 Commissioner Position 1,Ryan Hudson, ,557,98.5841,Fire
FIRE DISTRICT 15 Commissioner Position 1,WRITE-IN, ,8,1.4159,Fire
FIRE DISTRICT 16 Commissioner Position 1,Martin L. Inman, ,395,98.2587,Fire
FIRE DISTRICT 16 Commissioner Position 1,WRITE-IN, ,7,1.7413,Fire
FIRE DISTRICT 17 Commissioner Position 1,John Jamieson, ,1579,98.3801,Fire
FIRE DISTRICT 17 Commissioner Position 1,WRITE-IN, ,26,1.6199,Fire
FIRE DISTRICT 19 Commissioner Position 1,John Engels, ,420,97.2222,Fire
FIRE DISTRICT 19 Commissioner Position 1,WRITE-IN, ,12,2.7778,Fire
FIRE DISTRICT 21 Commissioner Position 1,Eric Nordstrom, ,1075,98.1735,Fire
FIRE DISTRICT 21 Commissioner Position 1,WRITE-IN, ,20,1.8265,Fire
FIRE DISTRICT 22 Commissioner Position 1,Chris Greig, ,733,97.2149,Fire
FIRE DISTRICT 22 Commissioner Position 1,WRITE-IN, ,21,2.7851,Fire
FIRE DISTRICT 24 Commissioner Position 1,Mikey Coleman, ,399,97.555,Fire
FIRE DISTRICT 24 Commissioner Position 1,WRITE-IN, ,10,2.445,Fire
FIRE DISTRICT 24 Commissioner Position 4,Kristine Schroder, ,359,95.7333,Fire
FIRE DISTRICT 24 Commissioner Position 4,WRITE-IN, ,16,4.2667,Fire
FIRE DISTRICT 25 Commissioner Position 1,Gary Moffett, ,78,44.5714,Fire
FIRE DISTRICT 25 Commissioner Position 1,Steve Ramey, ,97,55.4286,Fire
FIRE DISTRICT 25 Commissioner Position 1,WRITE-IN, ,0,0,Fire
FIRE DISTRICT 26 Commissioner Position 1,Douglas Rupp, ,487,98.783,Fire
FIRE DISTRICT 26 Commissioner Position 1,WRITE-IN, ,6,1.217,Fire
FIRE DISTRICT 26 Commissioner Position 5,Kate Hayes, ,485,98.778,Fire
FIRE DISTRICT 26 Commissioner Position 5,WRITE-IN, ,6,1.222,Fire
FIRE DISTRICT 27 Commissioner Position 1,Daniel Rike, ,46,95.8333,Fire
FIRE DISTRICT 27 Commissioner Position 1,WRITE-IN, ,2,4.1667,Fire
FIRE DISTRICT 27 Commissioner Position 2,Chuck Thurman, ,39,92.8571,Fire
FIRE DISTRICT 27 Commissioner Position 2,WRITE-IN, ,3,7.1429,Fire
FIRE DISTRICT 27 Proposition No. 1,Approved, ,19,32.7586,Fire
FIRE DISTRICT 27 Proposition No. 1,Rejected, ,39,67.2414,Fire
NORTH COUNTY REGIONAL FIRE AUTHORITY Commissioner District 1,Greg Oakes, ,5634,83.0973,Fire
NORTH COUNTY REGIONAL FIRE AUTHORITY Commissioner District 1,Mary Elizabeth Foster, ,1127,16.6224,Fire
NORTH COUNTY REGIONAL FIRE AUTHORITY Commissioner District 1,WRITE-IN, ,19,0.2802,Fire
NORTH COUNTY REGIONAL FIRE AUTHORITY Commissioner District 3,Brandon Schmitt, ,4271,64.0618,Fire
NORTH COUNTY REGIONAL FIRE AUTHORITY Commissioner District 3,Albert R. Schreiber, ,2369,35.5332,Fire
NORTH COUNTY REGIONAL FIRE AUTHORITY Commissioner District 3,WRITE-IN, ,27,0.405,Fire
SNOHOMISH REGIONAL FIRE &amp; RESCUE Commissioner Position 1,Roy Waugh, ,14918,98.9454,Fire
SNOHOMISH REGIONAL FIRE &amp; RESCUE Commissioner Position 1,WRITE-IN, ,159,1.0546,Fire
SNOHOMISH REGIONAL FIRE &amp; RESCUE Commissioner Position 4,Rick Edwards, ,14877,98.9623,Fire
SNOHOMISH REGIONAL FIRE &amp; RESCUE Commissioner Position 4,WRITE-IN, ,156,1.0377,Fire
SNOHOMISH REGIONAL FIRE &amp; RESCUE Commissioner Position 6,Davin Alsin, ,11291,63.1664,Fire
SNOHOMISH REGIONAL FIRE &amp; RESCUE Commissioner Position 6,Seth Henderson, ,6503,36.3804,Fire
SNOHOMISH REGIONAL FIRE &amp; RESCUE Commissioner Position 6,WRITE-IN, ,81,0.4531,Fire
SOUTH SNO. CO. FIRE &amp; RESCUE RFA Commissioner District 1,Harmony Crawford, ,13693,34.8911,Fire
SOUTH SNO. CO. FIRE &amp; RESCUE RFA Commissioner District 1,Joseph Wankelman, ,25457,64.8669,Fire
SOUTH SNO. CO. FIRE &amp; RESCUE RFA Commissioner District 1,WRITE-IN, ,95,0.2421,Fire
SOUTH SNO. CO. FIRE &amp; RESCUE RFA Commissioner District 3,Mark Laurence, ,32930,98.7495,Fire
SOUTH SNO. CO. FIRE &amp; RESCUE RFA Commissioner District 3,WRITE-IN, ,417,1.2505,Fire
SOUTH SNO. CO. FIRE &amp; RESCUE RFA Commissioner District 5,Zoe Pilgrim-Placey, ,7013,18.0794,Fire
SOUTH SNO. CO. FIRE &amp; RESCUE RFA Commissioner District 5,Jim Kenny, ,31652,81.5984,Fire
SOUTH SNO. CO. FIRE &amp; RESCUE RFA Commissioner District 5,WRITE-IN, ,125,0.3222,Fire
ALDERWOOD WATER &amp; WASTEWATER DISTRICT Commissioner Position 1,Paul (Mac) McIntyre, ,22432,98.9895,Water
ALDERWOOD WATER &amp; WASTEWATER DISTRICT Commissioner Position 1,WRITE-IN, ,229,1.0105,Water
ALDERWOOD WATER &amp; WASTEWATER DISTRICT Commissioner Position 2,Pat Peck, ,22466,99.0477,Water
ALDERWOOD WATER &amp; WASTEWATER DISTRICT Commissioner Position 2,WRITE-IN, ,216,0.9523,Water
ALDERWOOD WATER &amp; WASTEWATER DISTRICT Commissioner Position 5,Dean Lotz, ,15662,60.6631,Water
ALDERWOOD WATER &amp; WASTEWATER DISTRICT Commissioner Position 5,John Reno, ,10052,38.9341,Water
ALDERWOOD WATER &amp; WASTEWATER DISTRICT Commissioner Position 5,WRITE-IN, ,104,0.4028,Water
CROSS VALLEY WATER DISTRICT Commissioner Position 1,Dave Hutley, ,2897,98.6045,Water
CROSS VALLEY WATER DISTRICT Commissioner Position 1,WRITE-IN, ,41,1.3955,Water
HIGHLAND WATER DISTRICT Commissioner Position 3,Dana L. Jorden, ,641,97.2686,Water
HIGHLAND WATER DISTRICT Commissioner Position 3,WRITE-IN, ,18,2.7314,Water
MUKILTEO WATER AND WASTEWATER DISTRICT Commissioner Position 1,Jeff Clarke, ,2670,98.5604,Water
MUKILTEO WATER AND WASTEWATER DISTRICT Commissioner Position 1,WRITE-IN, ,39,1.4396,Water
OLYMPIC VIEW WATER DISTRICT Commissioner Position 1,Lora Petso, ,2588,98.3656,Water
OLYMPIC VIEW WATER DISTRICT Commissioner Position 1,WRITE-IN, ,43,1.6344,Water
SILVER LAKE WATER &amp; SEWER DISTRICT Commissioner Position 1,Shauna Willner, ,5736,98.5059,Water
SILVER LAKE WATER &amp; SEWER DISTRICT Commissioner Position 1,WRITE-IN, ,87,1.4941,Water
STARTUP WATER DISTRICT Commissioner Position 1,Kate Roesler, ,66,91.6667,Water
STARTUP WATER DISTRICT Commissioner Position 1,WRITE-IN, ,6,8.3333,Water
LAKE STEVENS SEWER DISTRICT Commissioner Position 1,Dan Lorentzen, ,3795,98.2651,Water
LAKE STEVENS SEWER DISTRICT Commissioner Position 1,WRITE-IN, ,67,1.7349,Water
HOSPITAL DISTRICT 1 Commissioner-at-Large 2,Karen Wendy Gahm, ,13602,98.5152,Hospital
HOSPITAL DISTRICT 1 Commissioner-at-Large 2,WRITE-IN, ,205,1.4848,Hospital
HOSPITAL DISTRICT 1 Commissioner-at-Large 5,Dianne Forth, ,5383,31.2783,Hospital
HOSPITAL DISTRICT 1 Commissioner-at-Large 5,Judith Kuleta, ,11749,68.2684,Hospital
HOSPITAL DISTRICT 1 Commissioner-at-Large 5,WRITE-IN, ,78,0.4532,Hospital
HOSPITAL DISTRICT 2 Commissioner Position 3,Bob Knowles, ,24235,98.9143,Hospital
HOSPITAL DISTRICT 2 Commissioner Position 3,WRITE-IN, ,266,1.0857,Hospital
HOSPITAL DISTRICT 3 Commissioner Position 1,Kathryn Lewandowsky, ,2141,42.2955,Hospital
HOSPITAL DISTRICT 3 Commissioner Position 1,John V. Meno, ,2909,57.4674,Hospital
HOSPITAL DISTRICT 3 Commissioner Position 1,WRITE-IN, ,12,0.2371,Hospital
PORT OF EDMONDS Commissioner District 1,Janelle Cass, ,3676,57.0807,Port
PORT OF EDMONDS Commissioner District 1,Chelsea Rudd, ,2748,42.6708,Port
PORT OF EDMONDS Commissioner District 1,WRITE-IN, ,16,0.2484,Port
PORT OF EDMONDS Commissioner District 3,Jay Grant, ,4935,98.779,Port
PORT OF EDMONDS Commissioner District 3,WRITE-IN, ,61,1.221,Port
PORT OF EDMONDS Commissioner-at-Large Position 5,Ross Dimmick, ,4850,99.1617,Port
PORT OF EDMONDS Commissioner-at-Large Position 5,WRITE-IN, ,41,0.8383,Port
PORT OF EVERETT Commissioner District 3,Glen Bachman, ,11410,97.9567,Port
PORT OF EVERETT Commissioner District 3,WRITE-IN, ,238,2.0433,Port
EAST COUNTY PARK AND RECREATION Commissioner-at-Large Position 1,Derek Wyszynski, ,3972,97.8566,Park and Recreation
EAST COUNTY PARK AND RECREATION Commissioner-at-Large Position 1,WRITE-IN, ,87,2.1434,Park and Recreation
EAST COUNTY PARK AND RECREATION Commissioner-at-Large Position 4,Michael Duncan, ,3979,98.1742,Park and Recreation
EAST COUNTY PARK AND RECREATION Commissioner-at-Large Position 4,WRITE-IN, ,74,1.8258,Park and Recreation
EAST COUNTY PARK AND RECREATION Commissioner-at-Large Position 5,Tyler Poling, ,4058,98.2805,Park and Recreation
EAST COUNTY PARK AND RECREATION Commissioner-at-Large Position 5,WRITE-IN, ,71,1.7195,Park and Recreation
NORTHSHORE PARK &amp; RECREATION SERVICE AREA Proposition No. 1,Yes, ,5225,68.6416,Park and Recreation
NORTHSHORE PARK &amp; RECREATION SERVICE AREA Proposition No. 1,No, ,2387,31.3584,Park and Recreation
